s3_key,error_message
Cleveland_Documents/richwood-bancshares-inc-richwood-oh--1250651.pdf,RemoteProtocolError: Server disconnected without sending a response.
Cleveland_Documents/richwood-bancshares-inc-richwood-oh-1250651.pdf,"EndpointConnectionError: Could not connect to the endpoint URL: ""https://fed-data-storage.s3.us-east-2.amazonaws.com/Cleveland_Documents/richwood-bancshares-inc-richwood-oh-1250651.pdf"""
Cleveland_Documents/rockcastle-bancorp-inc-brodhead-ky--2262268.pdf,"EndpointConnectionError: Could not connect to the endpoint URL: ""https://fed-data-storage.s3.us-east-2.amazonaws.com/Cleveland_Documents/rockcastle-bancorp-inc-brodhead-ky--2262268.pdf"""
Cleveland_Documents/rockcastle-bancorp-inc-brodhead-ky-2262268.pdf,"EndpointConnectionError: Could not connect to the endpoint URL: ""https://fed-data-storage.s3.us-east-2.amazonaws.com/Cleveland_Documents/rockcastle-bancorp-inc-brodhead-ky-2262268.pdf"""
Cleveland_Documents/rockcastle-bancorp-inc-brodheadky--2262268.pdf,"EndpointConnectionError: Could not connect to the endpoint URL: ""https://fed-data-storage.s3.us-east-2.amazonaws.com/Cleveland_Documents/rockcastle-bancorp-inc-brodheadky--2262268.pdf"""
Cleveland_Documents/rockhold-bancshares-inc-bainbridge-oh--2855576.pdf,"EndpointConnectionError: Could not connect to the endpoint URL: ""https://fed-data-storage.s3.us-east-2.amazonaws.com/Cleveland_Documents/rockhold-bancshares-inc-bainbridge-oh--2855576.pdf"""
Cleveland_Documents/rockhold-bancshares-inc-bainbridge-oh-2855576.pdf,"EndpointConnectionError: Could not connect to the endpoint URL: ""https://fed-data-storage.s3.us-east-2.amazonaws.com/Cleveland_Documents/rockhold-bancshares-inc-bainbridge-oh-2855576.pdf"""
Cleveland_Documents/rockhold-brown-bancshares-inc-bainbridge-oh-2855576.pdf,"EndpointConnectionError: Could not connect to the endpoint URL: ""https://fed-data-storage.s3.us-east-2.amazonaws.com/Cleveland_Documents/rockhold-brown-bancshares-inc-bainbridge-oh-2855576.pdf"""
Cleveland_Documents/rockholdbrown-bancshares-inc-bainbridge-oh--235316.pdf,"EndpointConnectionError: Could not connect to the endpoint URL: ""https://fed-data-storage.s3.us-east-2.amazonaws.com/Cleveland_Documents/rockholdbrown-bancshares-inc-bainbridge-oh--235316.pdf"""
Cleveland_Documents/rockholdbrown-bancshares-inc-bainbridge-oh--2855576.pdf,"EndpointConnectionError: Could not connect to the endpoint URL: ""https://fed-data-storage.s3.us-east-2.amazonaws.com/Cleveland_Documents/rockholdbrown-bancshares-inc-bainbridge-oh--2855576.pdf"""
Cleveland_Documents/savings-bancorp-inc-circleville-nc--2950716.pdf,"EndpointConnectionError: Could not connect to the endpoint URL: ""https://fed-data-storage.s3.us-east-2.amazonaws.com/Cleveland_Documents/savings-bancorp-inc-circleville-nc--2950716.pdf"""
Cleveland_Documents/savings-bancorp-inc-circleville-oh--2950716.pdf,"EndpointConnectionError: Could not connect to the endpoint URL: ""https://fed-data-storage.s3.us-east-2.amazonaws.com/Cleveland_Documents/savings-bancorp-inc-circleville-oh--2950716.pdf"""
Cleveland_Documents/savings-bancorp-inc-circleville-oh--578116.pdf,"EndpointConnectionError: Could not connect to the endpoint URL: ""https://fed-data-storage.s3.us-east-2.amazonaws.com/Cleveland_Documents/savings-bancorp-inc-circleville-oh--578116.pdf"""
Cleveland_Documents/savings-bancorp-inc-circleville-oh-2950716.pdf,"EndpointConnectionError: Could not connect to the endpoint URL: ""https://fed-data-storage.s3.us-east-2.amazonaws.com/Cleveland_Documents/savings-bancorp-inc-circleville-oh-2950716.pdf"""
Cleveland_Documents/sb-financial-group-inc-defiance-oh--1071454.pdf,"EndpointConnectionError: Could not connect to the endpoint URL: ""https://fed-data-storage.s3.us-east-2.amazonaws.com/Cleveland_Documents/sb-financial-group-inc-defiance-oh--1071454.pdf"""
Cleveland_Documents/sb-financial-group-inc-defiance-oh-1071454.pdf,"EndpointConnectionError: Could not connect to the endpoint URL: ""https://fed-data-storage.s3.us-east-2.amazonaws.com/Cleveland_Documents/sb-financial-group-inc-defiance-oh-1071454.pdf"""
Cleveland_Documents/security-bancorp-of-maysville-inc-maysville-ky--2952484.pdf,"EndpointConnectionError: Could not connect to the endpoint URL: ""https://fed-data-storage.s3.us-east-2.amazonaws.com/Cleveland_Documents/security-bancorp-of-maysville-inc-maysville-ky--2952484.pdf"""
Cleveland_Documents/security-bancorp-of-maysville-inc-maysville-ky-2952484.pdf,"EndpointConnectionError: Could not connect to the endpoint URL: ""https://fed-data-storage.s3.us-east-2.amazonaws.com/Cleveland_Documents/security-bancorp-of-maysville-inc-maysville-ky-2952484.pdf"""
Cleveland_Documents/seed-money-limited-partnership-allison-park-pa--2730048.pdf,"EndpointConnectionError: Could not connect to the endpoint URL: ""https://fed-data-storage.s3.us-east-2.amazonaws.com/Cleveland_Documents/seed-money-limited-partnership-allison-park-pa--2730048.pdf"""
Cleveland_Documents/seed-money-limited-partnership-allison-park-pa-2730048.pdf,"EndpointConnectionError: Could not connect to the endpoint URL: ""https://fed-data-storage.s3.us-east-2.amazonaws.com/Cleveland_Documents/seed-money-limited-partnership-allison-park-pa-2730048.pdf"""
Cleveland_Documents/seed-money-limited-partnerships-allison-park-pa-2730048.pdf,"EndpointConnectionError: Could not connect to the endpoint URL: ""https://fed-data-storage.s3.us-east-2.amazonaws.com/Cleveland_Documents/seed-money-limited-partnerships-allison-park-pa-2730048.pdf"""
Cleveland_Documents/sherwood-banc-corporation-sherwood-oh--2705680.pdf,"EndpointConnectionError: Could not connect to the endpoint URL: ""https://fed-data-storage.s3.us-east-2.amazonaws.com/Cleveland_Documents/sherwood-banc-corporation-sherwood-oh--2705680.pdf"""
Cleveland_Documents/sherwood-banc-corporation-sherwood-oh--546320.pdf,"EndpointConnectionError: Could not connect to the endpoint URL: ""https://fed-data-storage.s3.us-east-2.amazonaws.com/Cleveland_Documents/sherwood-banc-corporation-sherwood-oh--546320.pdf"""
Cleveland_Documents/sherwood-banc-corporation-sherwood-oh-2705680.pdf,"EndpointConnectionError: Could not connect to the endpoint URL: ""https://fed-data-storage.s3.us-east-2.amazonaws.com/Cleveland_Documents/sherwood-banc-corporation-sherwood-oh-2705680.pdf"""
Cleveland_Documents/signature-bancorp-inc-3076592.pdf,"EndpointConnectionError: Could not connect to the endpoint URL: ""https://fed-data-storage.s3.us-east-2.amazonaws.com/Cleveland_Documents/signature-bancorp-inc-3076592.pdf"""
Cleveland_Documents/signature-bancorp-inc-toledo-oh--3076592.pdf,"EndpointConnectionError: Could not connect to the endpoint URL: ""https://fed-data-storage.s3.us-east-2.amazonaws.com/Cleveland_Documents/signature-bancorp-inc-toledo-oh--3076592.pdf"""
Cleveland_Documents/signature-bancorp-inc-toledo-oh-3076592.pdf,"EndpointConnectionError: Could not connect to the endpoint URL: ""https://fed-data-storage.s3.us-east-2.amazonaws.com/Cleveland_Documents/signature-bancorp-inc-toledo-oh-3076592.pdf"""
Cleveland_Documents/snb-bancorp-inc-salyersville-ky--2896207.pdf,"EndpointConnectionError: Could not connect to the endpoint URL: ""https://fed-data-storage.s3.us-east-2.amazonaws.com/Cleveland_Documents/snb-bancorp-inc-salyersville-ky--2896207.pdf"""
Cleveland_Documents/snb-bancorp-inc-salyersville-ky-2896207.pdf,"EndpointConnectionError: Could not connect to the endpoint URL: ""https://fed-data-storage.s3.us-east-2.amazonaws.com/Cleveland_Documents/snb-bancorp-inc-salyersville-ky-2896207.pdf"""
Cleveland_Documents/somerset-trust-holding-co-somerset-pa--2914857.pdf,"EndpointConnectionError: Could not connect to the endpoint URL: ""https://fed-data-storage.s3.us-east-2.amazonaws.com/Cleveland_Documents/somerset-trust-holding-co-somerset-pa--2914857.pdf"""
Cleveland_Documents/somerset-trust-holding-company-somerset-pa---2914857.pdf,"EndpointConnectionError: Could not connect to the endpoint URL: ""https://fed-data-storage.s3.us-east-2.amazonaws.com/Cleveland_Documents/somerset-trust-holding-company-somerset-pa---2914857.pdf"""
Cleveland_Documents/somerset-trust-holding-company-somerset-pa--2914857.pdf,"EndpointConnectionError: Could not connect to the endpoint URL: ""https://fed-data-storage.s3.us-east-2.amazonaws.com/Cleveland_Documents/somerset-trust-holding-company-somerset-pa--2914857.pdf"""
Cleveland_Documents/somerset-trust-holding-company-somerset-pa-2914857.pdf,"EndpointConnectionError: Could not connect to the endpoint URL: ""https://fed-data-storage.s3.us-east-2.amazonaws.com/Cleveland_Documents/somerset-trust-holding-company-somerset-pa-2914857.pdf"""
Cleveland_Documents/somerville-bancorp-5169667.pdf,"EndpointConnectionError: Could not connect to the endpoint URL: ""https://fed-data-storage.s3.us-east-2.amazonaws.com/Cleveland_Documents/somerville-bancorp-5169667.pdf"""
Cleveland_Documents/somerville-bancorp-eaton-oh-5169667.pdf,"EndpointConnectionError: Could not connect to the endpoint URL: ""https://fed-data-storage.s3.us-east-2.amazonaws.com/Cleveland_Documents/somerville-bancorp-eaton-oh-5169667.pdf"""
Cleveland_Documents/somerville-bancorp-inc-somerville-oh-5169667.pdf,"EndpointConnectionError: Could not connect to the endpoint URL: ""https://fed-data-storage.s3.us-east-2.amazonaws.com/Cleveland_Documents/somerville-bancorp-inc-somerville-oh-5169667.pdf"""
Cleveland_Documents/somerville-bancorp-somerville-oh-5169667.pdf,"EndpointConnectionError: Could not connect to the endpoint URL: ""https://fed-data-storage.s3.us-east-2.amazonaws.com/Cleveland_Documents/somerville-bancorp-somerville-oh-5169667.pdf"""
Cleveland_Documents/somerville-bancorp-somerville-ohio-5169667.pdf,"EndpointConnectionError: Could not connect to the endpoint URL: ""https://fed-data-storage.s3.us-east-2.amazonaws.com/Cleveland_Documents/somerville-bancorp-somerville-ohio-5169667.pdf"""
Cleveland_Documents/ssb-bancorp-mhc-pittsburgh-pa-5161335.pdf,"EndpointConnectionError: Could not connect to the endpoint URL: ""https://fed-data-storage.s3.us-east-2.amazonaws.com/Cleveland_Documents/ssb-bancorp-mhc-pittsburgh-pa-5161335.pdf"""
Cleveland_Documents/ssnb-inc-lancaster-oh--3338692.pdf,"EndpointConnectionError: Could not connect to the endpoint URL: ""https://fed-data-storage.s3.us-east-2.amazonaws.com/Cleveland_Documents/ssnb-inc-lancaster-oh--3338692.pdf"""
Cleveland_Documents/ssnb-inc-lancaster-oh-3338692.pdf,"EndpointConnectionError: Could not connect to the endpoint URL: ""https://fed-data-storage.s3.us-east-2.amazonaws.com/Cleveland_Documents/ssnb-inc-lancaster-oh-3338692.pdf"""
Cleveland_Documents/st-bancorp-inc-indiana-pa--1071397.pdf,"EndpointConnectionError: Could not connect to the endpoint URL: ""https://fed-data-storage.s3.us-east-2.amazonaws.com/Cleveland_Documents/st-bancorp-inc-indiana-pa--1071397.pdf"""
Cleveland_Documents/st-bancorp-inc-indiana-pa-1071397.pdf,"EndpointConnectionError: Could not connect to the endpoint URL: ""https://fed-data-storage.s3.us-east-2.amazonaws.com/Cleveland_Documents/st-bancorp-inc-indiana-pa-1071397.pdf"""
Cleveland_Documents/st-henry-bancorp-inc-st-henry-oh--4001144.pdf,"EndpointConnectionError: Could not connect to the endpoint URL: ""https://fed-data-storage.s3.us-east-2.amazonaws.com/Cleveland_Documents/st-henry-bancorp-inc-st-henry-oh--4001144.pdf"""
Cleveland_Documents/st-henry-bancorp-inc-the--st-henry-oh--568126.pdf,"EndpointConnectionError: Could not connect to the endpoint URL: ""https://fed-data-storage.s3.us-east-2.amazonaws.com/Cleveland_Documents/st-henry-bancorp-inc-the--st-henry-oh--568126.pdf"""
Cleveland_Documents/st-henry-bancorp-inc-the-saint-henry-oh-4001144.pdf,"EndpointConnectionError: Could not connect to the endpoint URL: ""https://fed-data-storage.s3.us-east-2.amazonaws.com/Cleveland_Documents/st-henry-bancorp-inc-the-saint-henry-oh-4001144.pdf"""
Cleveland_Documents/standard-avb-financial-corp-monroeville-pa-4183442.pdf,"EndpointConnectionError: Could not connect to the endpoint URL: ""https://fed-data-storage.s3.us-east-2.amazonaws.com/Cleveland_Documents/standard-avb-financial-corp-monroeville-pa-4183442.pdf"""
Cleveland_Documents/standard-avb-financial-corp-murrysville-pa-4183442.pdf,"EndpointConnectionError: Could not connect to the endpoint URL: ""https://fed-data-storage.s3.us-east-2.amazonaws.com/Cleveland_Documents/standard-avb-financial-corp-murrysville-pa-4183442.pdf"""
Cleveland_Documents/standard-financial-corp-monreville-pa--4183442.pdf,"EndpointConnectionError: Could not connect to the endpoint URL: ""https://fed-data-storage.s3.us-east-2.amazonaws.com/Cleveland_Documents/standard-financial-corp-monreville-pa--4183442.pdf"""
Cleveland_Documents/standard-financial-corp-monroeville-pa--4183442.pdf,"EndpointConnectionError: Could not connect to the endpoint URL: ""https://fed-data-storage.s3.us-east-2.amazonaws.com/Cleveland_Documents/standard-financial-corp-monroeville-pa--4183442.pdf"""
Cleveland_Documents/standard-financial-corp-monroeville-pa-4183442.pdf,"EndpointConnectionError: Could not connect to the endpoint URL: ""https://fed-data-storage.s3.us-east-2.amazonaws.com/Cleveland_Documents/standard-financial-corp-monroeville-pa-4183442.pdf"""
Cleveland_Documents/standard-financial-monroeville-pa-4183442.pdf,"EndpointConnectionError: Could not connect to the endpoint URL: ""https://fed-data-storage.s3.us-east-2.amazonaws.com/Cleveland_Documents/standard-financial-monroeville-pa-4183442.pdf"""
Cleveland_Documents/strasburg-bancorp-inc-stasburg-oh--2623234.pdf,"EndpointConnectionError: Could not connect to the endpoint URL: ""https://fed-data-storage.s3.us-east-2.amazonaws.com/Cleveland_Documents/strasburg-bancorp-inc-stasburg-oh--2623234.pdf"""
Cleveland_Documents/strasburg-bancorp-inc-strasburg-oh--2623234.pdf,"EndpointConnectionError: Could not connect to the endpoint URL: ""https://fed-data-storage.s3.us-east-2.amazonaws.com/Cleveland_Documents/strasburg-bancorp-inc-strasburg-oh--2623234.pdf"""
Cleveland_Documents/strasburg-bancorp-inc-strasburg-oh-2623234.pdf,"EndpointConnectionError: Could not connect to the endpoint URL: ""https://fed-data-storage.s3.us-east-2.amazonaws.com/Cleveland_Documents/strasburg-bancorp-inc-strasburg-oh-2623234.pdf"""
Cleveland_Documents/strasburg-bancorp-strasburg-oh--2623234.pdf,"EndpointConnectionError: Could not connect to the endpoint URL: ""https://fed-data-storage.s3.us-east-2.amazonaws.com/Cleveland_Documents/strasburg-bancorp-strasburg-oh--2623234.pdf"""
Cleveland_Documents/sutton-bancshares-inc-attica-oh--1134500.pdf,"EndpointConnectionError: Could not connect to the endpoint URL: ""https://fed-data-storage.s3.us-east-2.amazonaws.com/Cleveland_Documents/sutton-bancshares-inc-attica-oh--1134500.pdf"""
Cleveland_Documents/sutton-bancshares-inc-attica-oh-1134500.pdf,"EndpointConnectionError: Could not connect to the endpoint URL: ""https://fed-data-storage.s3.us-east-2.amazonaws.com/Cleveland_Documents/sutton-bancshares-inc-attica-oh-1134500.pdf"""
Cleveland_Documents/sv-bancorp-inc-wyoming-oh--3464340.pdf,"EndpointConnectionError: Could not connect to the endpoint URL: ""https://fed-data-storage.s3.us-east-2.amazonaws.com/Cleveland_Documents/sv-bancorp-inc-wyoming-oh--3464340.pdf"""
Cleveland_Documents/sv-bancorp-inc-wyoming-oh--3644340.pdf,"EndpointConnectionError: Could not connect to the endpoint URL: ""https://fed-data-storage.s3.us-east-2.amazonaws.com/Cleveland_Documents/sv-bancorp-inc-wyoming-oh--3644340.pdf"""
Cleveland_Documents/sv-bancorp-inc-wyoming-oh-3464340.pdf,"EndpointConnectionError: Could not connect to the endpoint URL: ""https://fed-data-storage.s3.us-east-2.amazonaws.com/Cleveland_Documents/sv-bancorp-inc-wyoming-oh-3464340.pdf"""
Cleveland_Documents/sv-bancorp-wyoming-oh-3464340.pdf,"EndpointConnectionError: Could not connect to the endpoint URL: ""https://fed-data-storage.s3.us-east-2.amazonaws.com/Cleveland_Documents/sv-bancorp-wyoming-oh-3464340.pdf"""
Cleveland_Documents/tcnb-financial-corp-dayton-oh--2833127.pdf,"EndpointConnectionError: Could not connect to the endpoint URL: ""https://fed-data-storage.s3.us-east-2.amazonaws.com/Cleveland_Documents/tcnb-financial-corp-dayton-oh--2833127.pdf"""
Cleveland_Documents/the-apple-creek-banc-corp-apple-creek-oh-1248993.pdf,"EndpointConnectionError: Could not connect to the endpoint URL: ""https://fed-data-storage.s3.us-east-2.amazonaws.com/Cleveland_Documents/the-apple-creek-banc-corp-apple-creek-oh-1248993.pdf"""
Cleveland_Documents/the-citizens-bancorp-of-morehead-incorporated-morehead-ky-1071865.pdf,"EndpointConnectionError: Could not connect to the endpoint URL: ""https://fed-data-storage.s3.us-east-2.amazonaws.com/Cleveland_Documents/the-citizens-bancorp-of-morehead-incorporated-morehead-ky-1071865.pdf"""
Cleveland_Documents/the-first-national-holding-company-of-jackson-jackson-ky--1132168.pdf,"EndpointConnectionError: Could not connect to the endpoint URL: ""https://fed-data-storage.s3.us-east-2.amazonaws.com/Cleveland_Documents/the-first-national-holding-company-of-jackson-jackson-ky--1132168.pdf"""
Cleveland_Documents/the-first-national-holding-company-of-jackson-jackson-ky-1132168.pdf,"EndpointConnectionError: Could not connect to the endpoint URL: ""https://fed-data-storage.s3.us-east-2.amazonaws.com/Cleveland_Documents/the-first-national-holding-company-of-jackson-jackson-ky-1132168.pdf"""
Cleveland_Documents/the-st-henry-bancorp-inc-st-henry-oh--4001144.pdf,"EndpointConnectionError: Could not connect to the endpoint URL: ""https://fed-data-storage.s3.us-east-2.amazonaws.com/Cleveland_Documents/the-st-henry-bancorp-inc-st-henry-oh--4001144.pdf"""
Cleveland_Documents/the-st-henry-bancorp-inc-st-henry-oh-4001144.pdf,"EndpointConnectionError: Could not connect to the endpoint URL: ""https://fed-data-storage.s3.us-east-2.amazonaws.com/Cleveland_Documents/the-st-henry-bancorp-inc-st-henry-oh-4001144.pdf"""
Cleveland_Documents/third-federal-savings--loan-assoc-of-clev-mhc-cleveland-oh-3828036.pdf,"EndpointConnectionError: Could not connect to the endpoint URL: ""https://fed-data-storage.s3.us-east-2.amazonaws.com/Cleveland_Documents/third-federal-savings--loan-assoc-of-clev-mhc-cleveland-oh-3828036.pdf"""
Cleveland_Documents/third-federal-savings-and-loan-association-of-cleveland-mhc-3828036.pdf,"EndpointConnectionError: Could not connect to the endpoint URL: ""https://fed-data-storage.s3.us-east-2.amazonaws.com/Cleveland_Documents/third-federal-savings-and-loan-association-of-cleveland-mhc-3828036.pdf"""
Cleveland_Documents/third-federal-savings-and-loan-association-of-cleveland-mhc-cleveland-oh--3828036.pdf,"EndpointConnectionError: Could not connect to the endpoint URL: ""https://fed-data-storage.s3.us-east-2.amazonaws.com/Cleveland_Documents/third-federal-savings-and-loan-association-of-cleveland-mhc-cleveland-oh--3828036.pdf"""
Cleveland_Documents/third-federal-savings-and-loan-association-of-cleveland-mhc-cleveland-oh-3828036.pdf,"EndpointConnectionError: Could not connect to the endpoint URL: ""https://fed-data-storage.s3.us-east-2.amazonaws.com/Cleveland_Documents/third-federal-savings-and-loan-association-of-cleveland-mhc-cleveland-oh-3828036.pdf"""
Cleveland_Documents/third-street-bancshares-inc-marietta-oh--2747288.pdf,"EndpointConnectionError: Could not connect to the endpoint URL: ""https://fed-data-storage.s3.us-east-2.amazonaws.com/Cleveland_Documents/third-street-bancshares-inc-marietta-oh--2747288.pdf"""
Cleveland_Documents/third-street-bancshares-inc-marietta-oh-2747288.pdf,"EndpointConnectionError: Could not connect to the endpoint URL: ""https://fed-data-storage.s3.us-east-2.amazonaws.com/Cleveland_Documents/third-street-bancshares-inc-marietta-oh-2747288.pdf"""
Cleveland_Documents/tonti-financial-corp-columbus-oh--1069714.pdf,"EndpointConnectionError: Could not connect to the endpoint URL: ""https://fed-data-storage.s3.us-east-2.amazonaws.com/Cleveland_Documents/tonti-financial-corp-columbus-oh--1069714.pdf"""
Cleveland_Documents/tonti-financial-corporation-columbus-oh--1069714.pdf,"EndpointConnectionError: Could not connect to the endpoint URL: ""https://fed-data-storage.s3.us-east-2.amazonaws.com/Cleveland_Documents/tonti-financial-corporation-columbus-oh--1069714.pdf"""
Cleveland_Documents/tonti-financial-corporation-columbus-oh-1069714.pdf,"EndpointConnectionError: Could not connect to the endpoint URL: ""https://fed-data-storage.s3.us-east-2.amazonaws.com/Cleveland_Documents/tonti-financial-corporation-columbus-oh-1069714.pdf"""
Cleveland_Documents/town-square-financial-corporation-ashland-ky-3213463.pdf,"EndpointConnectionError: Could not connect to the endpoint URL: ""https://fed-data-storage.s3.us-east-2.amazonaws.com/Cleveland_Documents/town-square-financial-corporation-ashland-ky-3213463.pdf"""
Cleveland_Documents/traditional-bancorp-inc-mount-sterling-ky--1070420.pdf,"EndpointConnectionError: Could not connect to the endpoint URL: ""https://fed-data-storage.s3.us-east-2.amazonaws.com/Cleveland_Documents/traditional-bancorp-inc-mount-sterling-ky--1070420.pdf"""
Cleveland_Documents/traditional-bancorporation-inc-mount-sterling-ky-1070420.pdf,"EndpointConnectionError: Could not connect to the endpoint URL: ""https://fed-data-storage.s3.us-east-2.amazonaws.com/Cleveland_Documents/traditional-bancorporation-inc-mount-sterling-ky-1070420.pdf"""
Cleveland_Documents/traditional-bancorporation-inc-mt-sterling-ky--1070420.pdf,"EndpointConnectionError: Could not connect to the endpoint URL: ""https://fed-data-storage.s3.us-east-2.amazonaws.com/Cleveland_Documents/traditional-bancorporation-inc-mt-sterling-ky--1070420.pdf"""
Cleveland_Documents/traditional-bancorporation-inc-mt-sterling-ky-1070420.pdf,"EndpointConnectionError: Could not connect to the endpoint URL: ""https://fed-data-storage.s3.us-east-2.amazonaws.com/Cleveland_Documents/traditional-bancorporation-inc-mt-sterling-ky-1070420.pdf"""
Cleveland_Documents/tristate-1st-banc-inc-east-liverpool-oh--2421896.pdf,"EndpointConnectionError: Could not connect to the endpoint URL: ""https://fed-data-storage.s3.us-east-2.amazonaws.com/Cleveland_Documents/tristate-1st-banc-inc-east-liverpool-oh--2421896.pdf"""
Cleveland_Documents/tristate-capital-holdings-inc-pittsburgh-pa--3475074.pdf,"EndpointConnectionError: Could not connect to the endpoint URL: ""https://fed-data-storage.s3.us-east-2.amazonaws.com/Cleveland_Documents/tristate-capital-holdings-inc-pittsburgh-pa--3475074.pdf"""
Cleveland_Documents/tristate-capital-holdings-inc-pittsburgh-pa-3475074.pdf,"EndpointConnectionError: Could not connect to the endpoint URL: ""https://fed-data-storage.s3.us-east-2.amazonaws.com/Cleveland_Documents/tristate-capital-holdings-inc-pittsburgh-pa-3475074.pdf"""
Cleveland_Documents/union-bancorp-inc-west-mansfield-oh--1071614.pdf,"EndpointConnectionError: Could not connect to the endpoint URL: ""https://fed-data-storage.s3.us-east-2.amazonaws.com/Cleveland_Documents/union-bancorp-inc-west-mansfield-oh--1071614.pdf"""
Cleveland_Documents/union-bancorp-inc-west-mansfield-oh-1071614.pdf,"EndpointConnectionError: Could not connect to the endpoint URL: ""https://fed-data-storage.s3.us-east-2.amazonaws.com/Cleveland_Documents/union-bancorp-inc-west-mansfield-oh-1071614.pdf"""
Cleveland_Documents/union-bancorp-west-mansfield-oh--1071614.pdf,"EndpointConnectionError: Could not connect to the endpoint URL: ""https://fed-data-storage.s3.us-east-2.amazonaws.com/Cleveland_Documents/union-bancorp-west-mansfield-oh--1071614.pdf"""
Cleveland_Documents/united-bancorp-inc-martins-ferry-oh--1071502.pdf,"EndpointConnectionError: Could not connect to the endpoint URL: ""https://fed-data-storage.s3.us-east-2.amazonaws.com/Cleveland_Documents/united-bancorp-inc-martins-ferry-oh--1071502.pdf"""
Cleveland_Documents/united-bancorp-inc-martins-ferry-oh-1071502.pdf,"EndpointConnectionError: Could not connect to the endpoint URL: ""https://fed-data-storage.s3.us-east-2.amazonaws.com/Cleveland_Documents/united-bancorp-inc-martins-ferry-oh-1071502.pdf"""
Cleveland_Documents/united-bancshares-inc-columbus-grove-oh--1136009.pdf,"EndpointConnectionError: Could not connect to the endpoint URL: ""https://fed-data-storage.s3.us-east-2.amazonaws.com/Cleveland_Documents/united-bancshares-inc-columbus-grove-oh--1136009.pdf"""
Cleveland_Documents/united-bancshares-inc-columbus-grove-oh-1136009.pdf,"EndpointConnectionError: Could not connect to the endpoint URL: ""https://fed-data-storage.s3.us-east-2.amazonaws.com/Cleveland_Documents/united-bancshares-inc-columbus-grove-oh-1136009.pdf"""
Cleveland_Documents/united-bancshares-inc-columbus-grove-oh-136009.pdf,"EndpointConnectionError: Could not connect to the endpoint URL: ""https://fed-data-storage.s3.us-east-2.amazonaws.com/Cleveland_Documents/united-bancshares-inc-columbus-grove-oh-136009.pdf"""
Cleveland_Documents/united-community-financial-corp-youngstown-oh--3831250.pdf,"EndpointConnectionError: Could not connect to the endpoint URL: ""https://fed-data-storage.s3.us-east-2.amazonaws.com/Cleveland_Documents/united-community-financial-corp-youngstown-oh--3831250.pdf"""
Cleveland_Documents/united-community-financial-corporation-youngstown-oh-3831250.pdf,"EndpointConnectionError: Could not connect to the endpoint URL: ""https://fed-data-storage.s3.us-east-2.amazonaws.com/Cleveland_Documents/united-community-financial-corporation-youngstown-oh-3831250.pdf"""
Cleveland_Documents/valley-central-mhc-cincinnati-oh--4352574.pdf,"EndpointConnectionError: Could not connect to the endpoint URL: ""https://fed-data-storage.s3.us-east-2.amazonaws.com/Cleveland_Documents/valley-central-mhc-cincinnati-oh--4352574.pdf"""
Cleveland_Documents/valley-central-mhc-liberty-township-oh-4352574.pdf,"EndpointConnectionError: Could not connect to the endpoint URL: ""https://fed-data-storage.s3.us-east-2.amazonaws.com/Cleveland_Documents/valley-central-mhc-liberty-township-oh-4352574.pdf"""
Cleveland_Documents/versailles-financial-coporation-versailles-oh--4151544.pdf,"EndpointConnectionError: Could not connect to the endpoint URL: ""https://fed-data-storage.s3.us-east-2.amazonaws.com/Cleveland_Documents/versailles-financial-coporation-versailles-oh--4151544.pdf"""
Cleveland_Documents/versailles-financial-corporation-4151544.pdf,"EndpointConnectionError: Could not connect to the endpoint URL: ""https://fed-data-storage.s3.us-east-2.amazonaws.com/Cleveland_Documents/versailles-financial-corporation-4151544.pdf"""
Cleveland_Documents/versailles-financial-corporation-versailles-oh--4151544.pdf,"EndpointConnectionError: Could not connect to the endpoint URL: ""https://fed-data-storage.s3.us-east-2.amazonaws.com/Cleveland_Documents/versailles-financial-corporation-versailles-oh--4151544.pdf"""
Cleveland_Documents/versailles-financial-corporation-versailles-oh-4151544.pdf,"EndpointConnectionError: Could not connect to the endpoint URL: ""https://fed-data-storage.s3.us-east-2.amazonaws.com/Cleveland_Documents/versailles-financial-corporation-versailles-oh-4151544.pdf"""
Cleveland_Documents/victory-bancorp-inc-forst-mitchell-ky--3824421.pdf,"EndpointConnectionError: Could not connect to the endpoint URL: ""https://fed-data-storage.s3.us-east-2.amazonaws.com/Cleveland_Documents/victory-bancorp-inc-forst-mitchell-ky--3824421.pdf"""
Cleveland_Documents/victory-bancorp-inc-fort-mitchell-ky--3824421.pdf,"EndpointConnectionError: Could not connect to the endpoint URL: ""https://fed-data-storage.s3.us-east-2.amazonaws.com/Cleveland_Documents/victory-bancorp-inc-fort-mitchell-ky--3824421.pdf"""
Cleveland_Documents/victory-bancorp-inc-fort-mitchell-ky-3824421.pdf,"EndpointConnectionError: Could not connect to the endpoint URL: ""https://fed-data-storage.s3.us-east-2.amazonaws.com/Cleveland_Documents/victory-bancorp-inc-fort-mitchell-ky-3824421.pdf"""
Cleveland_Documents/victory-bancshares-inc-mount-victory-oh-2266873.pdf,"EndpointConnectionError: Could not connect to the endpoint URL: ""https://fed-data-storage.s3.us-east-2.amazonaws.com/Cleveland_Documents/victory-bancshares-inc-mount-victory-oh-2266873.pdf"""
Cleveland_Documents/victory-bancshares-inc-mt-victory-oh--2266873.pdf,"EndpointConnectionError: Could not connect to the endpoint URL: ""https://fed-data-storage.s3.us-east-2.amazonaws.com/Cleveland_Documents/victory-bancshares-inc-mt-victory-oh--2266873.pdf"""
Cleveland_Documents/victory-bancshares-inc-mt-victory-oh--226873.pdf,"EndpointConnectionError: Could not connect to the endpoint URL: ""https://fed-data-storage.s3.us-east-2.amazonaws.com/Cleveland_Documents/victory-bancshares-inc-mt-victory-oh--226873.pdf"""
Cleveland_Documents/victory-bancshares-inc-mt-victory-oh-2266873.pdf,"EndpointConnectionError: Could not connect to the endpoint URL: ""https://fed-data-storage.s3.us-east-2.amazonaws.com/Cleveland_Documents/victory-bancshares-inc-mt-victory-oh-2266873.pdf"""
Cleveland_Documents/victory-bancshares-mt-victory-oh--2266873.pdf,"EndpointConnectionError: Could not connect to the endpoint URL: ""https://fed-data-storage.s3.us-east-2.amazonaws.com/Cleveland_Documents/victory-bancshares-mt-victory-oh--2266873.pdf"""
Cleveland_Documents/vwf-bancorp-inc-van-wert-oh-5723760.pdf,"EndpointConnectionError: Could not connect to the endpoint URL: ""https://fed-data-storage.s3.us-east-2.amazonaws.com/Cleveland_Documents/vwf-bancorp-inc-van-wert-oh-5723760.pdf"""
Cleveland_Documents/waterford-bancorp-inc-toledo-oh--3588415.pdf,"EndpointConnectionError: Could not connect to the endpoint URL: ""https://fed-data-storage.s3.us-east-2.amazonaws.com/Cleveland_Documents/waterford-bancorp-inc-toledo-oh--3588415.pdf"""
Cleveland_Documents/waterford-bancorp-inc-toledo-oh-3588415.pdf,"EndpointConnectionError: Could not connect to the endpoint URL: ""https://fed-data-storage.s3.us-east-2.amazonaws.com/Cleveland_Documents/waterford-bancorp-inc-toledo-oh-3588415.pdf"""
Cleveland_Documents/wayne-savings-bancshares-inc-wooster-oh--3271203.pdf,"EndpointConnectionError: Could not connect to the endpoint URL: ""https://fed-data-storage.s3.us-east-2.amazonaws.com/Cleveland_Documents/wayne-savings-bancshares-inc-wooster-oh--3271203.pdf"""
Cleveland_Documents/wayne-savings-bancshares-inc-wooster-oh-3271203.pdf,"EndpointConnectionError: Could not connect to the endpoint URL: ""https://fed-data-storage.s3.us-east-2.amazonaws.com/Cleveland_Documents/wayne-savings-bancshares-inc-wooster-oh-3271203.pdf"""
Cleveland_Documents/wesbanco-inc-wheeling-wv--1070448.pdf,"EndpointConnectionError: Could not connect to the endpoint URL: ""https://fed-data-storage.s3.us-east-2.amazonaws.com/Cleveland_Documents/wesbanco-inc-wheeling-wv--1070448.pdf"""
Cleveland_Documents/wesbanco-inc-wheeling-wv-1070448.pdf,"EndpointConnectionError: Could not connect to the endpoint URL: ""https://fed-data-storage.s3.us-east-2.amazonaws.com/Cleveland_Documents/wesbanco-inc-wheeling-wv-1070448.pdf"""
Cleveland_Documents/wesbanco-wheeling-wv--1070448.pdf,"EndpointConnectionError: Could not connect to the endpoint URL: ""https://fed-data-storage.s3.us-east-2.amazonaws.com/Cleveland_Documents/wesbanco-wheeling-wv--1070448.pdf"""
Cleveland_Documents/wfsb-mutal-holding-company-washington-pa--3831326.pdf,"EndpointConnectionError: Could not connect to the endpoint URL: ""https://fed-data-storage.s3.us-east-2.amazonaws.com/Cleveland_Documents/wfsb-mutal-holding-company-washington-pa--3831326.pdf"""
Cleveland_Documents/wfsb-mutual-holding-company-washington-pa---3831326.pdf,"EndpointConnectionError: Could not connect to the endpoint URL: ""https://fed-data-storage.s3.us-east-2.amazonaws.com/Cleveland_Documents/wfsb-mutual-holding-company-washington-pa---3831326.pdf"""
Cleveland_Documents/wfsb-mutual-holding-company-washington-pa--3831326.pdf,"EndpointConnectionError: Could not connect to the endpoint URL: ""https://fed-data-storage.s3.us-east-2.amazonaws.com/Cleveland_Documents/wfsb-mutual-holding-company-washington-pa--3831326.pdf"""
Cleveland_Documents/wfsb-mutual-holding-company-washington-pa-3831326.pdf,"EndpointConnectionError: Could not connect to the endpoint URL: ""https://fed-data-storage.s3.us-east-2.amazonaws.com/Cleveland_Documents/wfsb-mutual-holding-company-washington-pa-3831326.pdf"""
Cleveland_Documents/whitaker-bank-corporation-of-kentucky-lexington-ky--1466671.pdf,"EndpointConnectionError: Could not connect to the endpoint URL: ""https://fed-data-storage.s3.us-east-2.amazonaws.com/Cleveland_Documents/whitaker-bank-corporation-of-kentucky-lexington-ky--1466671.pdf"""
Cleveland_Documents/whitaker-bank-corporation-of-kentucky-lexington-ky--196667.pdf,"EndpointConnectionError: Could not connect to the endpoint URL: ""https://fed-data-storage.s3.us-east-2.amazonaws.com/Cleveland_Documents/whitaker-bank-corporation-of-kentucky-lexington-ky--196667.pdf"""
Cleveland_Documents/whitaker-bank-corporation-of-kentucky-lexington-ky--1966671.pdf,"EndpointConnectionError: Could not connect to the endpoint URL: ""https://fed-data-storage.s3.us-east-2.amazonaws.com/Cleveland_Documents/whitaker-bank-corporation-of-kentucky-lexington-ky--1966671.pdf"""
Cleveland_Documents/whitaker-bank-corporation-of-kentucky-lexington-ky-1966671.pdf,"EndpointConnectionError: Could not connect to the endpoint URL: ""https://fed-data-storage.s3.us-east-2.amazonaws.com/Cleveland_Documents/whitaker-bank-corporation-of-kentucky-lexington-ky-1966671.pdf"""
Cleveland_Documents/winfirst-financial-corp-winchester-ky--1924783.pdf,"EndpointConnectionError: Could not connect to the endpoint URL: ""https://fed-data-storage.s3.us-east-2.amazonaws.com/Cleveland_Documents/winfirst-financial-corp-winchester-ky--1924783.pdf"""
Cleveland_Documents/winfirst-financial-corp-winchester-ky-1924783.pdf,"EndpointConnectionError: Could not connect to the endpoint URL: ""https://fed-data-storage.s3.us-east-2.amazonaws.com/Cleveland_Documents/winfirst-financial-corp-winchester-ky-1924783.pdf"""
Cleveland_Documents/winfirst-holding-corp-winchester-ky-1924783.pdf,"EndpointConnectionError: Could not connect to the endpoint URL: ""https://fed-data-storage.s3.us-east-2.amazonaws.com/Cleveland_Documents/winfirst-holding-corp-winchester-ky-1924783.pdf"""
Cleveland_Documents/wvs-financial-corp-pittsburgh-pa--2140115.pdf,"EndpointConnectionError: Could not connect to the endpoint URL: ""https://fed-data-storage.s3.us-east-2.amazonaws.com/Cleveland_Documents/wvs-financial-corp-pittsburgh-pa--2140115.pdf"""
Cleveland_Documents/wvs-financial-corp-pittsburgh-pa-2140115.pdf,"EndpointConnectionError: Could not connect to the endpoint URL: ""https://fed-data-storage.s3.us-east-2.amazonaws.com/Cleveland_Documents/wvs-financial-corp-pittsburgh-pa-2140115.pdf"""